p,mean,std,lower_95,upper_95
1.000000000000000000e+00,2.201781708647029268e-01,1.147897332203467735e-01,-4.809706247176748217e-03,4.451660479765826017e-01
1.018036072144288484e+00,2.267067415506788253e-01,1.127625589574933196e-01,5.692125993991936639e-03,4.477213571073657139e-01
1.036072144288577190e+00,2.331613445428081244e-01,1.107529333563588014e-01,1.608559516434487913e-02,4.502370939212713696e-01
1.054108216432865675e+00,2.395438757023126697e-01,1.087609315192402115e-01,2.637244992460185955e-02,4.527153014800234798e-01
1.072144288577154381e+00,2.458561576711432717e-01,1.067866270762967418e-01,3.655436860160166113e-02,4.551579467406848822e-01
1.090180360721442865e+00,2.520999430314285195e-01,1.048300922141531255e-01,4.663296229168839568e-02,4.575669237711686432e-01
1.108216432865731349e+00,2.582769173042595567e-01,1.028913977072358210e-01,5.660977779807735422e-02,4.599440568104417593e-01
1.126252505010020055e+00,2.643887017973940434e-01,1.009706129522975337e-01,6.648630041089087506e-02,4.622911031838972118e-01
1.144288577154308539e+00,2.704368563108163759e-01,9.906780600611161947e-02,7.626395653883760728e-02,4.646097560827951445e-01
1.162324649298597246e+00,2.764228817083221879e-01,9.718304362659047069e-02,8.594411620020486753e-02,4.669016472164395082e-01
1.180360721442885730e+00,2.823482223630417454e-01,9.531639131773907148e-02,9.552809538027318137e-02,4.691683493458103094e-01
1.198396793587174436e+00,2.882142684840687807e-01,9.346791337842103031e-02,1.050171582623635747e-01,4.714113787057739868e-01
1.216432865731462920e+00,2.940223583309347077e-01,9.163767295545190150e-02,1.144125193382489747e-01,4.736321973236204408e-01
1.234468937875751404e+00,2.997737803224103104e-01,8.982573210120992080e-02,1.237153454040388623e-01,4.758322152407817862e-01
1.252505010020040110e+00,3.054697750453654326e-01,8.803215183606949434e-02,1.329267574466692359e-01,4.780127926440616015e-01
1.270541082164328595e+00,3.111115371693973231e-01,8.625699221610891310e-02,1.420478324258238612e-01,4.801752419129707850e-01
1.288577154308617301e+00,3.167002172723864528e-01,8.450031240633784635e-02,1.510796049559642862e-01,4.823208295888086194e-01
1.306613226452905785e+00,3.222369235818079991e-01,8.276217076000816353e-02,1.600230688921920053e-01,4.844507782714240207e-01
1.324649298597194491e+00,3.277227236364430585e-01,8.104262490434271937e-02,1.688791788239313307e-01,4.865662684489547862e-01
1.342685370741482975e+00,3.331586458727361921e-01,7.934173183321317768e-02,1.776488514796383533e-01,4.886684402658340032e-01
1.360721442885771459e+00,3.385456811398733223e-01,7.765954800733264329e-02,1.863329670455013409e-01,4.907583952342453038e-01
1.378757515030060166e+00,3.438847841472996159e-01,7.599612946245574985e-02,1.949323704008863456e-01,4.928371978937128861e-01
1.396793587174348650e+00,3.491768748482547702e-01,7.435153192629691266e-02,2.034478722727128264e-01,4.949058774237967140e-01
1.414829659318637356e+00,3.544228397627905425e-01,7.272581094483028530e-02,2.118802503109231961e-01,4.969654292146579166e-01
1.432865731462925840e+00,3.596235332431580445e-01,7.111902201864930828e-02,2.202302500866054058e-01,4.990168163997106832e-01
1.450901803607214546e+00,3.647797786847821189e-01,6.953122075024467663e-02,2.284985860143025627e-01,5.010609713552616196e-01
1.468937875751503030e+00,3.698923696854996557e-01,6.796246300311706290e-02,2.366859421993902091e-01,5.030987971716091023e-01
1.486973947895791515e+00,3.749620711556281849e-01,6.641280507352220752e-02,2.447929732115246559e-01,5.051311690997317694e-01
1.505010020040080221e+00,3.799896203814333018e-01,6.488230387602079985e-02,2.528203047844325146e-01,5.071589359784340889e-01
1.523046092184368705e+00,3.849757280443369956e-01,6.337101714390624974e-02,2.607685344422807638e-01,5.091829216463932273e-01
1.541082164328657189e+00,3.899210791979315083e-01,6.187900364561593758e-02,2.686382320525242395e-01,5.112039263433387770e-01
1.559118236472945895e+00,3.948263342050214453e-01,6.040632341858844651e-02,2.764299403045881176e-01,5.132227281054547730e-01
1.577154308617234602e+00,3.996921296365957832e-01,5.895303802181584008e-02,2.841441751138367167e-01,5.152400841593548497e-01
1.595190380761523086e+00,4.045190791345324444e-01,5.751921080870722736e-02,2.917814259494662665e-01,5.172567323195985667e-01
1.613226452905811570e+00,4.093077742398558705e-01,5.610490722179647949e-02,2.993421560851347585e-01,5.192733923945769270e-01
1.631262525050100276e+00,4.140587851881643022e-01,5.471019511116815420e-02,3.068268027702747425e-01,5.212907676060538620e-01
1.649298597194388760e+00,4.187726616737578178e-01,5.333514507826911388e-02,3.142357773203503513e-01,5.233095460271652843e-01
1.667334669338677244e+00,4.234499335840338219e-01,5.197983084725166930e-02,3.215694651234205503e-01,5.253304020446470934e-01
1.685370741482965951e+00,4.280911117053826098e-01,5.064432966586856349e-02,3.288282255602802406e-01,5.273539978504849790e-01
1.703406813627254657e+00,4.326966884021409832e-01,4.932872273810844782e-02,3.360123918354483985e-01,5.293809849688335678e-01
1.721442885771543141e+00,4.372671382695801912e-01,4.803309569090011971e-02,3.431222707154159557e-01,5.314120058237443711e-01
1.739478957915831625e+00,4.418029187623438436e-01,4.675753907725526543e-02,3.501581421709235586e-01,5.334476953537641286e-01
1.757515030060120331e+00,4.463044707993271687e-01,4.550214891827234626e-02,3.571202589195133781e-01,5.354886826791409593e-01
1.775551102204408815e+00,4.507722193461127791e-01,4.426702728643217011e-02,3.640088458647057212e-01,5.375355928275198369e-01
1.793587174348697300e+00,4.552065739759372232e-01,4.305228293261289391e-02,3.708240994280159741e-01,5.395890485238584722e-01
1.811623246492986006e+00,4.596079294101907409e-01,4.185803195909046370e-02,3.775661867703734575e-01,5.416496720500080242e-01
1.829659318637274712e+00,4.639766660393009889e-01,4.068439854060716676e-02,3.842352448997109482e-01,5.437180871788910297e-01
1.847695390781563196e+00,4.683131504249180566e-01,3.953151569525653608e-02,3.908313796622152614e-01,5.457949211876208517e-01
1.865731462925851680e+00,4.726177357841643278e-01,3.839952610651670845e-02,3.973546646153915951e-01,5.478808069529370606e-01
1.883767535070140386e+00,4.768907624567946257e-01,3.728858299689204875e-02,4.038051397828862354e-01,5.499763851307030160e-01
1.901803607214428871e+00,4.811325583558918595e-01,3.619885105289004368e-02,4.101828102922273622e-01,5.520823064195563568e-01
1.919839679358717355e+00,4.853434394029382815e-01,3.513050739974386827e-02,4.164876448994402902e-01,5.541992339064362172e-01
1.937875751503006061e+00,4.895237099478395582e-01,3.408374262245729425e-02,4.227195744078232620e-01,5.563278454878558543e-01
1.955911823647294767e+00,4.936736631744857995e-01,3.305876182788105438e-02,4.288784899918389182e-01,5.584688363571326253e-01
1.973947895791583251e+00,4.977935814926351399e-01,3.205578573951772814e-02,4.349642414431804105e-01,5.606229215420899248e-01
1.991983967935871735e+00,5.018837369164764750e-01,3.107505181351972665e-02,4.409766353619778423e-01,5.627908384709751077e-01
2.010020040080160442e+00,5.059443914305600254e-01,3.011681535967793491e-02,4.469154333255912492e-01,5.649733495355288015e-01
2.028056112224448704e+00,5.099757973435915526e-01,2.918135064618490593e-02,4.527803500770691270e-01,5.671712446101139227e-01
2.046092184368737410e+00,5.139781976304866884e-01,2.826895196015131312e-02,4.585710517885901449e-01,5.693853434723832319e-01
2.064128256513026116e+00,5.179518262633109327e-01,2.737993458792323601e-02,4.642871544709814002e-01,5.716164980556405206e-01
2.082164328657314378e+00,5.218969085314431045e-01,2.651463566996007173e-02,4.699282226183213451e-01,5.738655944445648638e-01
2.100200400801603529e+00,5.258136613514129420e-01,2.567341487384484922e-02,4.754937681986770581e-01,5.761335545041488260e-01
2.118236472945891791e+00,5.297022935668302956e-01,2.485665481619992942e-02,4.809832501270784322e-01,5.784213370065821591e-01
2.136272545090180497e+00,5.335630062388035943e-01,2.406476114992098583e-02,4.863960743849584656e-01,5.807299380926487231e-01
2.154308617234469203e+00,5.373959929272216218e-01,2.329816221768062079e-02,4.917315949805676212e-01,5.830603908738756225e-01
2.172344689378757465e+00,5.412014399631417394e-01,2.255730815530377492e-02,4.969891159787463430e-01,5.854137639475371913e-01
2.190380761523046171e+00,5.449795267128810794e-01,2.184266931275984785e-02,5.021678948598717884e-01,5.877911585658903704e-01
2.208416833667334878e+00,5.487304258337788454e-01,2.115473384439934060e-02,5.072671474987561213e-01,5.901937041688015695e-01
2.226452905811623140e+00,5.524543035222789777e-01,2.049400430793626646e-02,5.122860550787239342e-01,5.926225519658340213e-01
2.244488977955911846e+00,5.561513197543666021e-01,1.986099310459807712e-02,5.172237732693543144e-01,5.950788662393788897e-01
2.262525050100200552e+00,5.598216285188044594e-01,1.925621659459085880e-02,5.220794439934063336e-01,5.975638130442025853e-01
2.280561122244488814e+00,5.634653780433411807e-01,1.868018773607760599e-02,5.268522100806291020e-01,6.000785460060532595e-01
2.298597194388777520e+00,5.670827110141931637e-01,1.813340712609250172e-02,5.315412330470519198e-01,6.026241889813344077e-01
2.316633266533066227e+00,5.706737647890209875e-01,1.761635237271824347e-02,5.361457141384932124e-01,6.052018154395487626e-01
2.334669338677354489e+00,5.742386716036661509e-01,1.712946580275670136e-02,5.406649186302630028e-01,6.078124245770692990e-01
2.352705410821643639e+00,5.777775587728217754e-01,1.667314060892994415e-02,5.450982031793191185e-01,6.104569143663244324e-01
2.370741482965931901e+00,5.812905488848770785e-01,1.624770566581867914e-02,5.494450457798725207e-01,6.131360519898816364e-01
2.388777555110220163e+00,5.847777599911776480e-01,1.585340938782925715e-02,5.537050775910322686e-01,6.158504423913230275e-01
2.406813627254509314e+00,5.882393057898143152e-01,1.549040315660763639e-02,5.578781156028633781e-01,6.186004959767652522e-01
2.424849699398797576e+00,5.916752958041905375e-01,1.515872499445962418e-02,5.619641948150496669e-01,6.213863967933314081e-01
2.442885771543086282e+00,5.950858355565429303e-01,1.485828428482163788e-02,5.659635983582924634e-01,6.242080727547933972e-01
2.460921843687374988e+00,5.984710267365320746e-01,1.458884841864921920e-02,5.698768838359795641e-01,6.270651696370845851e-01
2.478957915831663250e+00,6.018309673651629499e-01,1.435003225752698452e-02,5.737049041404100880e-01,6.299570305899158118e-01
2.496993987975951956e+00,6.051657519540869501e-01,1.414129123301019128e-02,5.774488211373869362e-01,6.328826827707869640e-01
2.515030060120240663e+00,6.084754716604787728e-01,1.396191874214153424e-02,5.811101109258813846e-01,6.358408323950761609e-01
2.533066132264528925e+00,6.117602144377261020e-01,1.381104826088401169e-02,5.846905598463933984e-01,6.388298690290588056e-01
2.551102204408817631e+00,6.150200651818767961e-01,1.368766029572835406e-02,5.881922510022492556e-01,6.418478793615043365e-01
2.569138276553106337e+00,6.182551058741059258e-01,1.359059396880243908e-02,5.916175416952531574e-01,6.448926700529586942e-01
2.587174348697394599e+00,6.214654157193814088e-01,1.351856271514784505e-02,5.949690327976916437e-01,6.479617986410711739e-01
2.605210420841683749e+00,6.246510712812722854e-01,1.347017330488252049e-02,5.982495316037025335e-01,6.510526109588420374e-01
2.623246492985972012e+00,6.278121466131485473e-01,1.344394721614856035e-02,6.014620100694973992e-01,6.541622831567996954e-01
2.641282565130260274e+00,6.309487133859241759e-01,1.343834329446913327e-02,6.046095605287646890e-01,6.572878662430836627e-01
2.659318637274549424e+00,6.340608410122576810e-01,1.345178064262301555e-02,6.076953509527165398e-01,6.604263310717988222e-01
2.677354709418837686e+00,6.371485967675505346e-01,1.348266078020390543e-02,6.107225816383509143e-01,6.635746118967501550e-01
2.695390781563126392e+00,6.402120459076354742e-01,1.352938827268997633e-02,6.136944448931631602e-01,6.667296469221077881e-01
2.713426853707415098e+00,6.432512517833947063e-01,1.359038922777148876e-02,6.166140888969625644e-01,6.698884146698268482e-01
2.731462925851703361e+00,6.462662759523458700e-01,1.366412726670979821e-02,6.194845865095947035e-01,6.730479653950970365e-01
2.749498997995992067e+00,6.492571782872491593e-01,1.374911677774984069e-02,6.223089094028594337e-01,6.762054471716388848e-01
2.767535070140280773e+00,6.522240170818849325e-01,1.384393343077601479e-02,6.250899075575639952e-01,6.793581266062058699e-01
2.785571142284569035e+00,6.551668491540267869e-01,1.394722206918198176e-02,6.278302938984301473e-01,6.825034044096234265e-01
2.803607214428857741e+00,6.580857299457455456e-01,1.405770219310591151e-02,6.305326336472579785e-01,6.856388262442331127e-01
2.821643286573146447e+00,6.609807136210336109e-01,1.417417131020781880e-02,6.331993378530262895e-01,6.887620893890409324e-01
2.839679358717434710e+00,6.638518531609208795e-01,1.429550645995150693e-02,6.358326604994158915e-01,6.918710458224258675e-01
2.857715430861723416e+00,6.666992004560989837e-01,1.442066422347497261e-02,6.384346985780879891e-01,6.949637023341099784e-01
2.875751503006012122e+00,6.695228063970533050e-01,1.454867951753884871e-02,6.410073945426771891e-01,6.980382182514294209e-01
2.893787575150300384e+00,6.723227209619566658e-01,1.467866344681834599e-02,6.435525406061927134e-01,7.010929013177206182e-01
2.911823647294589534e+00,6.750989933021590561e-01,1.480980045691541840e-02,6.460717844066048432e-01,7.041262021977132690e-01
2.929859719438877796e+00,6.778516718255006568e-01,1.494134499581019869e-02,6.485666356337126404e-01,7.071367080172886732e-01
2.947895791583166503e+00,6.805808042774115219e-01,1.507261785730983593e-02,6.510384732770841953e-01,7.101231352777388484e-01
2.965931863727455209e+00,6.832864378199212663e-01,1.520300234789482424e-02,6.534885532180474410e-01,7.130843224217950915e-01
2.983967935871743471e+00,6.859686191085301310e-01,1.533194038859931642e-02,6.559180159468754878e-01,7.160192222701847742e-01
3.002004008016032177e+00,6.886273943671348263e-01,1.545892863849734379e-02,6.583278942356800556e-01,7.189268944985895970e-01
3.020040080160320883e+00,6.912628094609227780e-01,1.558351470487004224e-02,6.607191206393775440e-01,7.218064982824680120e-01
3.038076152304609145e+00,6.938749099673718890e-01,1.570529348642476369e-02,6.630925347339793330e-01,7.246572852007644450e-01
3.056112224448897852e+00,6.964637412453260623e-01,1.582390368204278017e-02,6.654488900285222552e-01,7.274785924621298694e-01
3.074148296593186558e+00,6.990293485022818221e-01,1.593902448553985093e-02,6.677888605106236941e-01,7.302698364939399500e-01
3.092184368737474820e+00,7.015717768598476178e-01,1.605037247764557265e-02,6.701130468036622378e-01,7.330305069160329978e-01
3.110220440881763526e+00,7.040910714174497542e-01,1.615769871983168543e-02,6.724219819265796483e-01,7.357601609083198602e-01
3.128256513026052232e+00,7.065872773143268004e-01,1.626078604886347853e-02,6.747161366585543441e-01,7.384584179700992568e-01
3.146292585170340939e+00,7.090604397898214728e-01,1.635944656781702575e-02,6.769959245169001605e-01,7.411249550627427851e-01
3.164328657314629201e+00,7.115106042420797916e-01,1.645351932587055255e-02,6.792617063633734631e-01,7.437595021207861201e-01
3.182364729458917907e+00,7.139378162850783527e-01,1.654286817795925027e-02,6.815137946562782600e-01,7.463618379138784453e-01
3.200400801603206613e+00,7.163421218041389205e-01,1.662737981414755609e-02,6.837524573684097273e-01,7.489317862398681136e-01
3.218436873747494875e+00,7.187235670098187645e-01,1.670696194784418789e-02,6.859779215920441819e-01,7.514692124275933471e-01
3.236472945891783581e+00,7.210821984904052240e-01,1.678154165199034070e-02,6.881903768525041709e-01,7.539740201283062770e-01
3.254509018036072288e+00,7.234180632628045560e-01,1.685106383232589169e-02,6.903899781514457601e-01,7.564461483741633518e-01
3.272545090180360994e+00,7.257312088220717605e-01,1.691548982714405000e-02,6.925768487608694457e-01,7.588855688832740753e-01
3.290581162324649256e+00,7.280216831894944507e-01,1.697479612365516283e-02,6.947510827871303807e-01,7.612922835918585207e-01
3.308617234468937962e+00,7.302895349592389840e-01,1.702897318096073531e-02,6.969127475245558978e-01,7.636663223939220702e-01
3.326653306613226668e+00,7.325348133436877518e-01,1.707802435110730710e-02,6.990618856155174088e-01,7.660077410718580948e-01
3.344689378757514930e+00,7.347575682174047884e-01,1.712196488936989711e-02,7.011985170342397433e-01,7.683166194005698335e-01
3.362725450901803637e+00,7.369578501598060827e-01,1.716082104632350377e-02,7.033226409090119757e-01,7.705930594106001896e-01
3.380761523046092343e+00,7.391357104964524360e-01,1.719462923416415628e-02,7.054342371974906545e-01,7.728371837954142176e-01
3.398797595190381049e+00,7.412912013392312094e-01,1.722343526088446208e-02,7.075332682278976382e-01,7.750491344505647806e-01
3.416833667334669311e+00,7.434243756251187607e-01,1.724729362605142632e-02,7.096196801180579827e-01,7.772290711321795387e-01
3.434869739478958017e+00,7.455352871538354353e-01,1.726626687258592946e-02,7.116934040835669606e-01,7.793771702241039101e-01
3.452905811623246723e+00,7.476239906242196920e-01,1.728042498950379396e-02,7.137543576447922256e-01,7.814936236036471584e-01
3.470941883767534986e+00,7.496905416695234248e-01,1.728984486080565111e-02,7.158024457423443065e-01,7.835786375967025430e-01
3.488977955911823692e+00,7.517349968913908942e-01,1.729460975634349029e-02,7.178375617689576327e-01,7.856324320138241557e-01
3.507014028056112398e+00,7.537574138928097023e-01,1.729480886070642806e-02,7.198595885258251004e-01,7.876552392597943042e-01
3.525050100200401104e+00,7.557578513099295625e-01,1.729053683655415452e-02,7.218683991102834430e-01,7.896473035095756821e-01
3.543086172344689366e+00,7.577363688427074528e-01,1.728189341913101765e-02,7.238638577412106478e-01,7.916088799442042578e-01
3.561122244488978072e+00,7.596930272845016097e-01,1.726898303899230755e-02,7.258458205280766684e-01,7.935402340409265509e-01
3.579158316633266779e+00,7.616278885506347907e-01,1.725191447029237116e-02,7.278141361888617045e-01,7.954416409124078768e-01
3.597194388777555041e+00,7.635410157057912484e-01,1.723080050194679413e-02,7.297686467219755002e-01,7.973133846896069965e-01
3.615230460921843747e+00,7.654324729905067626e-01,1.720575762969623473e-02,7.317091880363021383e-01,7.991557579447113868e-01
3.633266533066132453e+00,7.673023258465463403e-01,1.717690576667596156e-02,7.336355905438614045e-01,8.009690611492312762e-01
3.651302605210421159e+00,7.691506409412668388e-01,1.714436797074596341e-02,7.355476797186047966e-01,8.027536021639288810e-01
3.669338677354709422e+00,7.709774861910785315e-01,1.710827018685136605e-02,7.374452766248498214e-01,8.045096957573072416e-01
3.687374749498998128e+00,7.727829307838094408e-01,1.706874100260931393e-02,7.393281984186952371e-01,8.062376631489236445e-01
3.705410821643286834e+00,7.745670452001960360e-01,1.702591141587896789e-02,7.411962588250732287e-01,8.079378315753188433e-01
3.723446893787575096e+00,7.763299012343861660e-01,1.697991461261217153e-02,7.430492685936662678e-01,8.096105338751060643e-01
3.741482965931863802e+00,7.780715720134829816e-01,1.693088575412377700e-02,7.448870359354003989e-01,8.112561080915655642e-01
3.759519038076152508e+00,7.797921320162417569e-01,1.687896177211663934e-02,7.467093669428931380e-01,8.128748970895903758e-01
3.777555110220440771e+00,7.814916570907495252e-01,1.682428117083747954e-02,7.485160659959080309e-01,8.144672481855910195e-01
3.795591182364729477e+00,7.831702244713207861e-01,1.676698383488663471e-02,7.503069361549430383e-01,8.160335127876985339e-01
3.813627254509018183e+00,7.848279127943993405e-01,1.670721084220192984e-02,7.520817795436836040e-01,8.175740460451150771e-01
3.831663326653306889e+00,7.864648021136707579e-01,1.664510428085933663e-02,7.538403977231864506e-01,8.190892065041550651e-01
3.849699398797595151e+00,7.880809739142596859e-01,1.658080706926894771e-02,7.555825920584925415e-01,8.205793557700268304e-01
3.867735470941883857e+00,7.896765111261311310e-01,1.651446277879662153e-02,7.573081640796897052e-01,8.220448581725725568e-01
3.885771543086172564e+00,7.912514981365781352e-01,1.644621545811047331e-02,7.590169158386815829e-01,8.234860804344746876e-01
3.903807615230460826e+00,7.928060208019729327e-01,1.637620945868272990e-02,7.607086502629547553e-01,8.249033913409911101e-01
3.921843687374749532e+00,7.943401664586031696e-01,1.630458926078600865e-02,7.623831715074625981e-01,8.262971614097437412e-01
3.939879759519038238e+00,7.958540239327900334e-01,1.623149929950211054e-02,7.640402853057659538e-01,8.276677625598141130e-01
3.957915831663326944e+00,7.973476835501719373e-01,1.615708379017058091e-02,7.656797993214375930e-01,8.290155677789062816e-01
3.975951903807615206e+00,7.988212371441836268e-01,1.608148655285315809e-02,7.673015235005914425e-01,8.303409507877758111e-01
3.993987975951903913e+00,8.002747780638325148e-01,1.600485083556812960e-02,7.689052704261190030e-01,8.316442857015460266e-01
4.012024048096192175e+00,8.017084011805764021e-01,1.592731913571773100e-02,7.704908556745696524e-01,8.329259466865831518e-01
4.030060120240481325e+00,8.031222028946518599e-01,1.584903301965086275e-02,7.720580981761361317e-01,8.341863076131675880e-01
4.048096192384769587e+00,8.045162811404289460e-01,1.577013294007422253e-02,7.736068205778834361e-01,8.354257417029744559e-01
4.066132264529057849e+00,8.058907353912143634e-01,1.569075805109320168e-02,7.751368496110716544e-01,8.366446211713570724e-01
4.084168336673347000e+00,8.072456666632051858e-01,1.561104602102305824e-02,7.766480164619999904e-01,8.378433168644103812e-01
4.102204408817635262e+00,8.085811775188280759e-01,1.553113284267852723e-02,7.781401571471782130e-01,8.390221978904779387e-01
4.120240480961923524e+00,8.098973720692808076e-01,1.545115264136381721e-02,7.796131128922076936e-01,8.401816312463539216e-01
4.138276553106212674e+00,8.111943559764275280e-01,1.537123748084512700e-02,7.810667305139711303e-01,8.413219814388839257e-01
4.156312625250500936e+00,8.124722364539901376e-01,1.529151716711634260e-02,7.825008628064421545e-01,8.424436101015381206e-01
4.174348697394789198e+00,8.137311222680808642e-01,1.521211905074378382e-02,7.839153689286230131e-01,8.435468756075387153e-01
4.192384769539078349e+00,8.149711237370225181e-01,1.513316782782695574e-02,7.853101147944816507e-01,8.446321326795633855e-01
4.210420841683367499e+00,8.161923527305364745e-01,1.505478534017448342e-02,7.866849734637945124e-01,8.456997319972784366e-01
4.228456913827654873e+00,8.173949226682721836e-01,1.497709037534571304e-02,7.880398255325945511e-01,8.467500198039498160e-01
4.246492985971944023e+00,8.185789485176876434e-01,1.490019846704133261e-02,7.893745595222866340e-01,8.477833375130886528e-01
4.264529058116233173e+00,8.197445467912758410e-01,1.482422169654242818e-02,7.906890722660526727e-01,8.488000213164990093e-01
4.282565130260520547e+00,8.208918355432168745e-01,1.474926849638029912e-02,7.919832692903114868e-01,8.498004017961222623e-01
4.300601202404809698e+00,8.220209343653236411e-01,1.467544345659614613e-02,7.932570651903951831e-01,8.507848035402520992e-01
4.318637274549098848e+00,8.231319643824720478e-01,1.460284713497623371e-02,7.945103839979186233e-01,8.517535447670254722e-01
4.336673346693387110e+00,8.242250482473379991e-01,1.453157587205699403e-02,7.957431595381062595e-01,8.527069369565697388e-01
4.354709418837675372e+00,8.253003101346101378e-01,1.446172161214715965e-02,7.969553357748017097e-01,8.536452844944185658e-01
4.372745490981964522e+00,8.263578757345469983e-01,1.439337173131802899e-02,7.981468671411636739e-01,8.545688843279303226e-01
4.390781563126252784e+00,8.273978722460439972e-01,1.432660887380761763e-02,7.993177188533810984e-01,8.554780256387068960e-01
4.408817635270541047e+00,8.284204283690201898e-01,1.426151079767603788e-02,8.004678672055751676e-01,8.563729895324652119e-01
4.426853707414830197e+00,8.294256742963206364e-01,1.419815023136203856e-02,8.015972998428509966e-01,8.572540487497902761e-01
4.444889779559118459e+00,8.304137417050604375e-01,1.413659474186520354e-02,8.027060160110046638e-01,8.581214673991162112e-01
4.462925851703406721e+00,8.313847637473253949e-01,1.407690661620757296e-02,8.037940267795585791e-01,8.589755007150922106e-01
4.480961923847695871e+00,8.323388750405147363e-01,1.401914275683753194e-02,8.048613552371132185e-01,8.598163948439162541e-01
4.498997995991984133e+00,8.332762116569135680e-01,1.396335459265279216e-02,8.059080366553140751e-01,8.606443866585130609e-01
4.517034068136272396e+00,8.341969111129637904e-01,1.390958800595250983e-02,8.069341186212968253e-01,8.614597036046307554e-01
4.535070140280561546e+00,8.351011123578740980e-01,1.385788327692953625e-02,8.079396611350921908e-01,8.622625635806560052e-01
4.553106212424849808e+00,8.359889557617870004e-01,1.380827504608980738e-02,8.089247366714509280e-01,8.630531748521230728e-01
4.571142284569138070e+00,8.368605831034153786e-01,1.376079229535741126e-02,8.098894302045148708e-01,8.638317360023158864e-01
4.589178356713427220e+00,8.377161375571382518e-01,1.371545834861757213e-02,8.108338391938477718e-01,8.645984359204287317e-01
4.607214428857715482e+00,8.385557636798126602e-01,1.367229089195096114e-02,8.117580735315887974e-01,8.653534538280365229e-01
4.625250501002003745e+00,8.393796073967588756e-01,1.363130201377740248e-02,8.126622554497551221e-01,8.660969593437626290e-01
4.643286573146292895e+00,8.401878159876220442e-01,1.359249826527126823e-02,8.135465193876904033e-01,8.668291125875536851e-01
4.661322645290581157e+00,8.409805380715479339e-01,1.355588074052538512e-02,8.144110118201182136e-01,8.675500643229776543e-01
4.679358717434869419e+00,8.417579235920034098e-01,1.352144517677465567e-02,8.152558910455250940e-01,8.682599561384817255e-01
4.697394789579158569e+00,8.425201238011009730e-01,1.348918207368877617e-02,8.160813269366710143e-01,8.689589206655309317e-01
4.715430861723446831e+00,8.432672912434848733e-01,1.345907683159626965e-02,8.168875006535561978e-01,8.696470818334135489e-01
4.733466933867735094e+00,8.439995797398232025e-01,1.343110990756026836e-02,8.176746043210050274e-01,8.703245551586413775e-01
4.751503006012024244e+00,8.447171443698255899e-01,1.340525698875547067e-02,8.184428406718649018e-01,8.709914480677862780e-01
4.769539078156313394e+00,8.454201414548979665e-01,1.338148918167127860e-02,8.191924226588223057e-01,8.716478602509736273e-01
4.787575150300600768e+00,8.461087285402623115e-01,1.335977321631225644e-02,8.199235730362902652e-01,8.722938840442343578e-01
4.805611222444889918e+00,8.467830643768534671e-01,1.334007166401303575e-02,8.206365239153878832e-01,8.729296048383190509e-01
4.823647294589179069e+00,8.474433089027080257e-01,1.332234316732357031e-02,8.213315162947538717e-01,8.735551015106621797e-01
4.841683366733466443e+00,8.480896232238867016e-01,1.330654268081082892e-02,8.220087995694974614e-01,8.741704468782759418e-01
4.859719438877755593e+00,8.487221695952458234e-01,1.329262172098022443e-02,8.226686310221246190e-01,8.747757081683670277e-01
4.877755511022044743e+00,8.493411114006109708e-01,1.328052862391792058e-02,8.233112752977318483e-01,8.753709475034900933e-01
4.895791583166333005e+00,8.499466131326732787e-01,1.327020880896064188e-02,8.239370038671104401e-01,8.759562223982361173e-01
4.913827655310621267e+00,8.505388403725253621e-01,1.326160504703617279e-02,8.245460944803344461e-01,8.765315862647162781e-01
4.931863727454910418e+00,8.511179597688877108e-01,1.325465773172302721e-02,8.251388306147106055e-01,8.770970889230648160e-01
4.949899799599198680e+00,8.516841390168820025e-01,1.324930515206289121e-02,8.257155009188387185e-01,8.776527771149252866e-01
4.967935871743486942e+00,8.522375468365640527e-01,1.324548376497164393e-02,8.262763986572195796e-01,8.781986950159085259e-01
4.985971943887776092e+00,8.527783529510657434e-01,1.324312846638045320e-02,8.268218211569600129e-01,8.787348847451714740e-01
5.004008016032064354e+00,8.533067280644894836e-01,1.324217285953940143e-02,8.273520692597922110e-01,8.792613868691867562e-01
5.022044088176352616e+00,8.538228438393824504e-01,1.324254951922231548e-02,8.278674467817067617e-01,8.797782408970581391e-01
5.040080160320641767e+00,8.543268728739559226e-01,1.324419025057565168e-02,8.283682599828275928e-01,8.802854857650842524e-01
5.058116232464930029e+00,8.548189886791209835e-01,1.324702634183789508e-02,8.288548170491186751e-01,8.807831603091232919e-01
5.076152304609218291e+00,8.552993656549264800e-01,1.325098880957424619e-02,8.293274275881609148e-01,8.812713037216920453e-01
5.094188376753507441e+00,8.557681790671032296e-01,1.325600863579134633e-02,8.297864021409522284e-01,8.817499559932542308e-01
5.112224448897795703e+00,8.562256050229717363e-01,1.326201699618692956e-02,8.302320517104453401e-01,8.822191583354981326e-01
5.130260521042083965e+00,8.566718204473536824e-01,1.326894547871215052e-02,8.306646873090778316e-01,8.826789535856295332e-01
5.148296593186373116e+00,8.571070030580320021e-01,1.327672629200126429e-02,8.310846195257095559e-01,8.831293865903544482e-01
5.166332665330661378e+00,8.575313313410517502e-01,1.328529246323610982e-02,8.314921581131089479e-01,8.835705045689945525e-01
5.184368737474949640e+00,8.579449845257649532e-01,1.329457802495020644e-02,8.318876115968625307e-01,8.840023574546673757e-01
5.202404809619238790e+00,8.583481425596003467e-01,1.330451819061897502e-02,8.322712869059871732e-01,8.844249982132135202e-01
5.220440881763527052e+00,8.587409860826380470e-01,1.331504951880815163e-02,8.326434890257741195e-01,8.848384831395019745e-01
5.238476953907816203e+00,8.591236964019188793e-01,1.332611006572224747e-02,8.330045206731032659e-01,8.852428721307344928e-01
5.256513026052104465e+00,8.594964554655556421e-01,1.333763952604962062e-02,8.333546819944983586e-01,8.856382289366129257e-01
5.274549098196392727e+00,8.598594458366787263e-01,1.334957936246448582e-02,8.336942702862483179e-01,8.860246213871091348e-01
5.292585170340681877e+00,8.602128506670625452e-01,1.336187292321603520e-02,8.340235797375591398e-01,8.864021215965659506e-01
5.310621242484970139e+00,8.605568536706890148e-01,1.337446554865513379e-02,8.343429011953249486e-01,8.867708061460530811e-01
5.328657314629258401e+00,8.608916390970097199e-01,1.338730466622694085e-02,8.346525219512048732e-01,8.871307562428145665e-01
5.346693386773547552e+00,8.612173917041087146e-01,1.340033987461370681e-02,8.349527255498658818e-01,8.874820578583515474e-01
5.364729458917835814e+00,8.615342967316732548e-01,1.341352301692385479e-02,8.352437916185024847e-01,8.878248018448440249e-01
5.382765531062124076e+00,8.618425398737133980e-01,1.342680824334302296e-02,8.355259957167611162e-01,8.881590840306656798e-01
5.400801603206413226e+00,8.621423072512854890e-01,1.344015206349548179e-02,8.357996092068343819e-01,8.884850052957365962e-01
5.418837675350701488e+00,8.624337853848986768e-01,1.345351338884973914e-02,8.360648991427531707e-01,8.888026716270441829e-01
5.436873747494989750e+00,8.627171611668780216e-01,1.346685356522401601e-02,8.363221281790389483e-01,8.891121941547170948e-01
5.454909819639278901e+00,8.629926218335575161e-01,1.348013639618507800e-02,8.365715544970347972e-01,8.894136891700802350e-01
5.472945891783567163e+00,8.632603549373669694e-01,1.349332815704779379e-02,8.368134317495532493e-01,8.897072781251806894e-01
5.490981963927856313e+00,8.635205483187214925e-01,1.350639760032269418e-02,8.370480090220889791e-01,8.899930876153540060e-01
5.509018036072144575e+00,8.637733900779039908e-01,1.351931595253362713e-02,8.372755308109380845e-01,8.902712493448698972e-01
5.527054108216432837e+00,8.640190685467585840e-01,1.353205690295492501e-02,8.374962370169669601e-01,8.905419000765502080e-01
5.545090180360721988e+00,8.642577722603212997e-01,1.354459658448721980e-02,8.377103629547263397e-01,8.908051815659162598e-01
5.563126252505010250e+00,8.644896899283450731e-01,1.355691354689830125e-02,8.379181393764244534e-01,8.910612404802656927e-01
5.581162324649298512e+00,8.647150104067198306e-01,1.356898872279681430e-02,8.381197925100380974e-01,8.913102283034015638e-01
5.599198396793587662e+00,8.649339226688658178e-01,1.358080538668715760e-02,8.383155441109589878e-01,8.915523012267726477e-01
5.617234468937875924e+00,8.651466157769940324e-01,1.359234910717728451e-02,8.385056115269265975e-01,8.917876200270614673e-01
5.635270541082164186e+00,8.653532788533262465e-01,1.360360769279801013e-02,8.386902077754421203e-01,8.920163499312103728e-01
5.653306613226453337e+00,8.655541010513162492e-01,1.361457113161618736e-02,8.388695416333484811e-01,8.922386604692840173e-01
5.671342685370741599e+00,8.657492715266823513e-01,1.362523152483204221e-02,8.390438177380115103e-01,8.924547253153531923e-01
5.689378757515029861e+00,8.659389794085496916e-01,1.363558301483227923e-02,8.392132366994784487e-01,8.926647221176209346e-01
5.707414829659319011e+00,8.661234137704222347e-01,1.364562170760924217e-02,8.393779952235080888e-01,8.928688323173363806e-01
5.725450901803607273e+00,8.663027636012680111e-01,1.365534559006259183e-02,8.395382862447453576e-01,8.930672409577906645e-01
5.743486973947895535e+00,8.664772177764349381e-01,1.366475444231251592e-02,8.396942990695024367e-01,8.932601364833674396e-01
5.761523046092184686e+00,8.666469650286497961e-01,1.367384974530991976e-02,8.398462195278423303e-01,8.934477105294572619e-01
5.779559118236472948e+00,8.668121939189594727e-01,1.368263458383318226e-02,8.399942301346464690e-01,8.936301577032724763e-01
5.797595190380762098e+00,8.669730928077377108e-01,1.369111354538835382e-02,8.401385102587765052e-01,8.938076753566989163e-01
5.815631262525050360e+00,8.671298498255900489e-01,1.369929261491485174e-02,8.402792363003569465e-01,8.939804633508231513e-01
5.833667334669338622e+00,8.672826528443927652e-01,1.370717906588895391e-02,8.404165818752503680e-01,8.941487238135351623e-01
5.851703406813627772e+00,8.674316894482283491e-01,1.371478134783071443e-02,8.405507180064801798e-01,8.943126608899765184e-01
5.869739478957916035e+00,8.675771469044420980e-01,1.372210897047531492e-02,8.406818133223105116e-01,8.944724804865736845e-01
5.887775551102204297e+00,8.677192121347296894e-01,1.372917238519030282e-02,8.408100342597566446e-01,8.946283900097027342e-01
5.905811623246493447e+00,8.678580716861721278e-01,1.373598286342111834e-02,8.409355452738667136e-01,8.947805980984775420e-01
5.923847695390781709e+00,8.679939117023854900e-01,1.374255237289452244e-02,8.410585090515122486e-01,8.949293143532587314e-01
5.941883767535069971e+00,8.681269178948290977e-01,1.374889345167096613e-02,8.411790867295539931e-01,8.950747490601042022e-01
5.959919839679359121e+00,8.682572755138836529e-01,1.375501908030962381e-02,8.412974381164768367e-01,8.952171129112904691e-01
5.977955911823647384e+00,8.683851693203105127e-01,1.376094255269168579e-02,8.414137219170347848e-01,8.953566167235862405e-01
5.995991983967935646e+00,8.685107835566083789e-01,1.376667734556707816e-02,8.415280959592968957e-01,8.954934711539198622e-01
6.014028056112224796e+00,8.686343019184613601e-01,1.377223698741964278e-02,8.416407174231188559e-01,8.956278864138038642e-01
6.032064128256513058e+00,8.687559075263499020e-01,1.377763492681928319e-02,8.417517430697840641e-01,8.957600719829157399e-01
6.050100200400802208e+00,8.688757828971749309e-01,1.378288440083070936e-02,8.418613294715467932e-01,8.958902363228030685e-01
6.068136272545090470e+00,8.689941099160048976e-01,1.378799830362292984e-02,8.419696332409039030e-01,8.960185865911058922e-01
6.086172344689378733e+00,8.691110698079688168e-01,1.379298905598156169e-02,8.420768112582449616e-01,8.961453283576926720e-01
6.104208416833667883e+00,8.692268431102292414e-01,1.379786847586349750e-02,8.421830208975368270e-01,8.962706653229216558e-01
6.122244488977956145e+00,8.693416096439914309e-01,1.380264765058177197e-02,8.422884202488511995e-01,8.963947990391316623e-01
6.140280561122244407e+00,8.694555484868495832e-01,1.380733681110399812e-02,8.423931683370857737e-01,8.965179286366133926e-01
6.158316633266533557e+00,8.695688379450076111e-01,1.381194520858155909e-02,8.424974253361877663e-01,8.966402505538274559e-01
6.176352705410821819e+00,8.696816555258332082e-01,1.381648099401383903e-02,8.426013527775660927e-01,8.967619582741003237e-01
6.194388777555110082e+00,8.697941779104806370e-01,1.382095110124130846e-02,8.427051137520477075e-01,8.968832420689135665e-01
6.212424849699399232e+00,8.699065809265923432e-01,1.382536113363504529e-02,8.428088731046676774e-01,8.970042887485170091e-01
6.230460921843687494e+00,8.700190395213340810e-01,1.382971525523094512e-02,8.429127976210813999e-01,8.971252814215867621e-01
6.248496993987975756e+00,8.701317277343731948e-01,1.383401608647197474e-02,8.430170562048880933e-01,8.972463992638582964e-01
6.266533066132264906e+00,8.702448186712223865e-01,1.383826460527246872e-02,8.431218200448883371e-01,8.973678172975564360e-01
6.284569138276553169e+00,8.703584844766085737e-01,1.384246005358321686e-02,8.432272627715854396e-01,8.974897061816317079e-01
6.302605210420842319e+00,8.704728963080997639e-01,1.384659985014736854e-02,8.433335606018109720e-01,8.976122320143885558e-01
6.320641282565130581e+00,8.705882243098829187e-01,1.385067950986802396e-02,8.434408924705415478e-01,8.977355561492242897e-01
6.338677354709418843e+00,8.707046375867449894e-01,1.385469256978648193e-02,8.435494401499634698e-01,8.978598350235265091e-01
6.356713426853707993e+00,8.708223041782442442e-01,1.385863052289431838e-02,8.436593883533713978e-01,8.979852200031170906e-01
6.374749498997996255e+00,8.709413910331008646e-01,1.386248275932735335e-02,8.437709248248193017e-01,8.981118572413824275e-01
6.392785571142284518e+00,8.710620639837182155e-01,1.386623651582829901e-02,8.438842404126947194e-01,8.982398875547417116e-01
6.410821643286573668e+00,8.711844877210243032e-01,1.386987683377063907e-02,8.439995291268338473e-01,8.983694463152147591e-01
6.428857715430861930e+00,8.713088257694830974e-01,1.387338652602726312e-02,8.441169881784696960e-01,8.985006633604964987e-01
6.446893787575150192e+00,8.714352404622711656e-01,1.387674615297837012e-02,8.442368180024335533e-01,8.986336629221087779e-01
6.464929859719439342e+00,8.715638929167512927e-01,1.387993400797627938e-02,8.443592222611178144e-01,8.987685635723847710e-01
6.482965931863727604e+00,8.716949430101977869e-01,1.388292611288048130e-02,8.444844078289520661e-01,8.989054781914435077e-01
6.501002004008015867e+00,8.718285493556511279e-01,1.388569622325692282e-02,8.446125847580675527e-01,8.990445139532347030e-01
6.519038076152305017e+00,8.719648692781265531e-01,1.388821584430570411e-02,8.447439662232874014e-01,8.991857723329657048e-01
6.537074148296593279e+00,8.721040587910463548e-01,1.389045425716925117e-02,8.448787684469946102e-01,8.993293491350980995e-01
6.555110220440881541e+00,8.722462725728040711e-01,1.389237855609096357e-02,8.450172106028658314e-01,8.994753345427423108e-01
6.573146292585170691e+00,8.723916639438212828e-01,1.389395369667887140e-02,8.451595146983307272e-01,8.996238131893118384e-01
6.591182364729458953e+00,8.725403848436213972e-01,1.389514255530855183e-02,8.453059054352166646e-01,8.997748642520261297e-01
6.609218436873748104e+00,8.726925858083083298e-01,1.389590600014989699e-02,8.454566100480145341e-01,8.999285615686021256e-01
6.627254509018036366e+00,8.728484159483070881e-01,1.389620297367761582e-02,8.456118581198989181e-01,9.000849737767152581e-01
6.645290581162324628e+00,8.730080229263224023e-01,1.389599058715126900e-02,8.457718813755059628e-01,9.002441644771388418e-01
6.663326653306613778e+00,8.731715529356419703e-01,1.389522422711425911e-02,8.459369134504980403e-01,9.004061924207859002e-01
6.681362725450902040e+00,8.733391506786528646e-01,1.389385767424481354e-02,8.461071896371330503e-01,9.005711117201726790e-01
6.699398797595190302e+00,8.735109593456930055e-01,1.389184323454549161e-02,8.462829466059837991e-01,9.007389720854022119e-01
6.717434869739479453e+00,8.736871205942459140e-01,1.388913188350347945e-02,8.464644221025791060e-01,9.009098190859127220e-01
6.735470941883767715e+00,8.738677745282711351e-01,1.388567342307113830e-02,8.466518546190516803e-01,9.010836944374905899e-01
6.753507014028055977e+00,8.740530596780070605e-01,1.388141665208562740e-02,8.468454830399192446e-01,9.012606363160948764e-01
6.771543086172345127e+00,8.742431129799816958e-01,1.387630955033947351e-02,8.470455462613163400e-01,9.014406796986470516e-01
6.789579158316633389e+00,8.744380697573713723e-01,1.387029947654864689e-02,8.472522827833359749e-01,9.016238567314067698e-01
6.807615230460921651e+00,8.746380637006176961e-01,1.386333338090218852e-02,8.474659302740493727e-01,9.018101971271860196e-01
6.825651302605210802e+00,8.748432268484440666e-01,1.385535803244196049e-02,8.476867251048578744e-01,9.019997285920302588e-01
6.843687374749499064e+00,8.750536895691212180e-01,1.384632026194829169e-02,8.479149018557026185e-01,9.021924772825398176e-01
6.861723446893788214e+00,8.752695805420619424e-01,1.383616722077737025e-02,8.481506927893383008e-01,9.023884682947855840e-01
6.879759519038076476e+00,8.754910267398006152e-01,1.382484665651390054e-02,8.483943272930333235e-01,9.025877261865679069e-01
6.897795591182364738e+00,8.757181534102257414e-01,1.381230720606257609e-02,8.486460312863430833e-01,9.027902755341083996e-01
6.915831663326653889e+00,8.759510840591924197e-01,1.379849870700095710e-02,8.489060265934705862e-01,9.029961415249142531e-01
6.933867735470942151e+00,8.761899404334793084e-01,1.378337252828322305e-02,8.491745302780442373e-01,9.032053505889143796e-01
6.951903807615230413e+00,8.764348425040098256e-01,1.376688192103052259e-02,8.494517539387900218e-01,9.034179310692296294e-01
6.969939879759519563e+00,8.766859084495277621e-01,1.374898239098203308e-02,8.497379029632029512e-01,9.036339139358525729e-01
6.987975951903807825e+00,8.769432546405137030e-01,1.372963209333494423e-02,8.500331757375771957e-01,9.038533335434502103e-01
7.006012024048096087e+00,8.772069956235448718e-01,1.370879225183697925e-02,8.503377628099444419e-01,9.040762284371453017e-01
7.024048096192385238e+00,8.774772441058935613e-01,1.368642760316376300e-02,8.506518460036925910e-01,9.043026422080945315e-01
7.042084168336673500e+00,8.777541109405992970e-01,1.366250686848984736e-02,8.509755974783591581e-01,9.045326244028394358e-01
7.060120240480961762e+00,8.780377051118066767e-01,1.363700325390623282e-02,8.513091787341504624e-01,9.047662314894628910e-01
7.078156312625250912e+00,8.783281337205063322e-01,1.360989498133072066e-02,8.516527395570980818e-01,9.050035278839145825e-01
7.096192384769539174e+00,8.786255019706128433e-01,1.358116585215257341e-02,8.520064169003938037e-01,9.052445870408318829e-01
7.114228456913828325e+00,8.789299131554394462e-01,1.355080584540377560e-02,8.523703336984480572e-01,9.054894926124308352e-01
7.132264529058116587e+00,8.792414686444940397e-01,1.351881175277438660e-02,8.527445976090561874e-01,9.057383396799318920e-01
7.150300601202404849e+00,8.795602678706871957e-01,1.348518785257591529e-02,8.531292996796383532e-01,9.059912360617360383e-01
7.168336673346693999e+00,8.798864083178526974e-01,1.344994662497382178e-02,8.535245129329039893e-01,9.062483037028014055e-01
7.186372745490982261e+00,8.802199855087479152e-01,1.341310951074065061e-02,8.539302908676962289e-01,9.065096801497996015e-01
7.204408817635270523e+00,8.805610929932626840e-01,1.337470771573618343e-02,8.543466658704197414e-01,9.067755201161056267e-01
7.222444889779559674e+00,8.809098223371667480e-01,1.333478306336895527e-02,8.547736475329635875e-01,9.070459971413699085e-01
7.240480961923847936e+00,8.812662631111451983e-01,1.329338889687327677e-02,8.552112208732736143e-01,9.073213053490167823e-01
7.258517034068136198e+00,8.816305028802260413e-01,1.325059103328996880e-02,8.556593444549777105e-01,9.076016613054743720e-01
7.276553106212425348e+00,8.820026271935911266e-01,1.320646877048035385e-02,8.561179484034496801e-01,9.078873059837325732e-01
7.294589178356713610e+00,8.823827195747914187e-01,1.316111594801747629e-02,8.565869323166771521e-01,9.081785068329056854e-01
7.312625250501001872e+00,8.827708615123160962e-01,1.311464206234859257e-02,8.570661630701128519e-01,9.084755599545193405e-01
7.330661322645291023e+00,8.831671324505546705e-01,1.306717343545468236e-02,8.575554725170635439e-01,9.087787923840457971e-01
7.348697394789579285e+00,8.835716097811483483e-01,1.301885443560608924e-02,8.580546550873604517e-01,9.090885644749362449e-01
7.366733466933867547e+00,8.839843688347456263e-01,1.296984874693475273e-02,8.585634652907535580e-01,9.094052723787376946e-01
7.384769539078156697e+00,8.844054828730982809e-01,1.292034068356572377e-02,8.590816151333094952e-01,9.097293506128870666e-01
7.402805611222444959e+00,8.848350230815886786e-01,1.287053654154600955e-02,8.596087714601584606e-01,9.100612747030188965e-01
7.420841683366734109e+00,8.852730585621584325e-01,1.282066597973085566e-02,8.601445532418859896e-01,9.104015638824308754e-01
7.438877755511022372e+00,8.857196563265634648e-01,1.277098341800024170e-02,8.606885288272829726e-01,9.107507838258439570e-01
7.456913827655310634e+00,8.861748812900750449e-01,1.272176943797218365e-02,8.612402131916495618e-01,9.111095493885005281e-01
7.474949899799599784e+00,8.866387962655779553e-01,1.267333216756654467e-02,8.617990652171475530e-01,9.114785273140083577e-01
7.492985971943888046e+00,8.871114619580154903e-01,1.262600862688507616e-02,8.623644850493207281e-01,9.118584388667102525e-01
7.511022044088176308e+00,8.875929369592553408e-01,1.258016600797217006e-02,8.629358115836298637e-01,9.122500623348808180e-01
7.529058116232465458e+00,8.880832777433546044e-01,1.253620285644028130e-02,8.635123201447316710e-01,9.126542353419775377e-01
7.547094188376753721e+00,8.885825386622181465e-01,1.249455011736551845e-02,8.640932204321817300e-01,9.130718568922545630e-01
7.565130260521041983e+00,8.890907719416089039e-01,1.245567200267061816e-02,8.646776548163744858e-01,9.135038890668433220e-01
7.583166332665331133e+00,8.896080276776033857e-01,1.242006663217115787e-02,8.652646970785479175e-01,9.139513582766588540e-01
7.601202404809619395e+00,8.901343538334488548e-01,1.238826639546205914e-02,8.658533516983432099e-01,9.144153559685544996e-01
7.619238476953907657e+00,8.906697962367141619e-01,1.236083797794755752e-02,8.664425537999369542e-01,9.148970386734913696e-01
7.637274549098196808e+00,8.912143985769807042e-01,1.233838199207700458e-02,8.670311698725097216e-01,9.153976272814516868e-01
7.655310621242485070e+00,8.917682024037886235e-01,1.232153215359253068e-02,8.676179993827473069e-01,9.159184054248299400e-01
7.673346693386774220e+00,8.923312471251064748e-01,1.231095394494719636e-02,8.682017773930099658e-01,9.164607168572029838e-01
7.691382765531062482e+00,8.929035700060293790e-01,1.230734271244642193e-02,8.687811782896344148e-01,9.170259617224243431e-01
7.709418837675350744e+00,8.934852061680638169e-01,1.231142115273889392e-02,8.693548207086956303e-01,9.176155916274320035e-01
7.727454909819639894e+00,8.940761885886291394e-01,1.232393615650854285e-02,8.699212737218724456e-01,9.182311034553858331e-01
7.745490981963928157e+00,8.946765481010398036e-01,1.234565499459731354e-02,8.704790643116290250e-01,9.188740318904505822e-01
7.763527054108216419e+00,8.952863133948723018e-01,1.237736085319937097e-02,8.710266861226014790e-01,9.195459406671431246e-01
7.781563126252505569e+00,8.959055110167087888e-01,1.241984774987920509e-02,8.715626094269455226e-01,9.202484126064720549e-01
7.799599198396793831e+00,8.965341653712356473e-01,1.247391489079316580e-02,8.720852921852810802e-01,9.209830385571902145e-01
7.817635270541082093e+00,8.971722987227728208e-01,1.254036055887679767e-02,8.725931920273742870e-01,9.217514054181713545e-01
7.835671342685371243e+00,8.978199311971970520e-01,1.261997565285257090e-02,8.730847789176060525e-01,9.225550834767880515e-01
7.853707414829659506e+00,8.984770807841837570e-01,1.271353702382223283e-02,8.735585482174921257e-01,9.233956133508753883e-01
7.871743486973947768e+00,8.991437633399143037e-01,1.282180077843144209e-02,8.740130338141887112e-01,9.242744928656398962e-01
7.889779559118236918e+00,8.998199925900761675e-01,1.294549573289028623e-02,8.744468209536112591e-01,9.251931642265410760e-01
7.907815631262525180e+00,9.005057801333318235e-01,1.308531720800938832e-02,8.748585584056334241e-01,9.261530018610302228e-01
7.925851703406813442e+00,9.012011354451060496e-01,1.324192135106595086e-02,8.752469695970167551e-01,9.271553012931953441e-01
7.943887775551102592e+00,9.019060658817642517e-01,1.341592015511127584e-02,8.756108623777461020e-01,9.282012693857824015e-01
7.961923847695390855e+00,9.026205766851517209e-01,1.360787732032298601e-02,8.759491371373187008e-01,9.292920162329847411e-01
7.979959919839680005e+00,9.033446709875696534e-01,1.381830506848772191e-02,8.762607930533337086e-01,9.304285489218055982e-01
7.997995991983968267e+00,9.040783498170289478e-01,1.404766197999543324e-02,8.765449323362378697e-01,9.316117672978200259e-01
8.016032064128257417e+00,9.048216121029495351e-01,1.429635188003222125e-02,8.768007624180863546e-01,9.328424617878127156e-01
8.034068136272544791e+00,9.055744546821538066e-01,1.456472375576033096e-02,8.770275961208635618e-01,9.341213132434440514e-01
8.052104208416833941e+00,9.063368723053318865e-01,1.485307264661524067e-02,8.772248499179660097e-01,9.354488946926977633e-01
8.070140280561123092e+00,9.071088576437379425e-01,1.516164141460254154e-02,8.773920404711169629e-01,9.368256748163589220e-01
8.088176352705410466e+00,9.078904012963678882e-01,1.549062327482849354e-02,8.775287796777040406e-01,9.382520229150317359e-01
8.106212424849699616e+00,9.086814917974069816e-01,1.584016494866496289e-02,8.776347684980236874e-01,9.397282150967902759e-01
8.124248496993988766e+00,9.094821156240965321e-01,1.621037029304590871e-02,8.777097898497265849e-01,9.412544413984664793e-01
8.142284569138276140e+00,9.102922572048934846e-01,1.660130425923239672e-02,8.777537008567979360e-01,9.428308135529890333e-01
8.160320641282565290e+00,9.111118989280500013e-01,1.701299704099919555e-02,8.777664247276916187e-01,9.444573731284083840e-01
8.178356713426854441e+00,9.119410211504814789e-01,1.744544828543958745e-02,8.777479425110198408e-01,9.461340997899431171e-01
8.196392785571141815e+00,9.127796022070076010e-01,1.789863125553337736e-02,8.776982849461621994e-01,9.478609194678530026e-01
8.214428857715430965e+00,9.136276184199332295e-01,1.837249685301297480e-02,8.776175245880277753e-01,9.496377122518386837e-01
8.232464929859720115e+00,9.144850441089896753e-01,1.886697742925404903e-02,8.775057683476517045e-01,9.514643198703276461e-01
8.250501002004007489e+00,9.153518516015547446e-01,1.938199033114085604e-02,8.773631505525186780e-01,9.533405526505908112e-01
8.268537074148296639e+00,9.162280112432766854e-01,1.991744114630997209e-02,8.771898265965091257e-01,9.552661958900442452e-01
8.286573146292585790e+00,9.171134914089927870e-01,2.047322662779089281e-02,8.769859672185226218e-01,9.572410155994629521e-01
8.304609218436873164e+00,9.180082585139716089e-01,2.104923729091017284e-02,8.767517534237876387e-01,9.592647636041555792e-01
8.322645290581162314e+00,9.189122770255035988e-01,2.164535968621381437e-02,8.764873720405245150e-01,9.613371820104826826e-01
8.340681362725451464e+00,9.198255094747866956e-01,2.226147836008143116e-02,8.761930118890270958e-01,9.634580070605462954e-01
8.358717434869738838e+00,9.207479164691820817e-01,2.289747752074723988e-02,8.758688605285175344e-01,9.656269724098466289e-01
8.376753507014027988e+00,9.216794567046789899e-01,2.355324243154043734e-02,8.755151015388596969e-01,9.678438118704982829e-01
8.394789579158317139e+00,9.226200869788211412e-01,2.422866055526737283e-02,8.751319122904971382e-01,9.701082616671451442e-01
8.412825651302604513e+00,9.235697622038209209e-01,2.492362247506205164e-02,8.747194621526992453e-01,9.724200622549425965e-01
8.430861723446893663e+00,9.245284354200214993e-01,2.563802261666205118e-02,8.742779110913638796e-01,9.747789597486791191e-01
8.448897795591182813e+00,9.254960578096677049e-01,2.637175979676548154e-02,8.738074086080073188e-01,9.771847070113280909e-01
8.466933867735470187e+00,9.264725787109792110e-01,2.712473762030062283e-02,8.733080929751899646e-01,9.796370644467684574e-01
8.484969939879761114e+00,9.274579456324855142e-01,2.789686474832019786e-02,8.727800907257778906e-01,9.821358005391931378e-01
8.503006012024048488e+00,9.284521042676840974e-01,2.868805505603460454e-02,8.722235163578562211e-01,9.846806921775119736e-01
8.521042084168335862e+00,9.294549985099840317e-01,2.949822769866336861e-02,8.716384722206038660e-01,9.872715247993641974e-01
8.539078156312626788e+00,9.304665704679153659e-01,3.032730710091980503e-02,8.710250485501125350e-01,9.899080923857181968e-01
8.557114228456914162e+00,9.314867604806215118e-01,3.117522288400179781e-02,8.703833236279779895e-01,9.925901973332650341e-01
8.575150300601201536e+00,9.325155071336515000e-01,3.204190974216775123e-02,8.697133640390026788e-01,9.953176502283003213e-01
8.593186372745492463e+00,9.335527472749960420e-01,3.292730727936891283e-02,8.690152250074330009e-01,9.980902695425590831e-01
8.611222444889779837e+00,9.345984160314075861e-01,3.383135981508605256e-02,8.682889507938389428e-01,1.000907881268976229e+00
8.629258517034067211e+00,9.356524468249496351e-01,3.475401616677460670e-02,8.675345751380714177e-01,1.003770318511827853e+00
8.647294589178358137e+00,9.367147713898821282e-01,3.569522941553258250e-02,8.667521217354382523e-01,1.006677421044325893e+00
8.665330661322645511e+00,9.377853197897239035e-01,3.665495666041854866e-02,8.659416047353035717e-01,1.009629034844144346e+00
8.683366733466932885e+00,9.388640204346034857e-01,3.763315876575539648e-02,8.651030292537229549e-01,1.012625011615484016e+00
8.701402805611223812e+00,9.399508000988670009e-01,3.862980010526250590e-02,8.642363918925525246e-01,1.015665208305181588e+00
8.719438877755511186e+00,9.410455839388865984e-01,3.964484830593471149e-02,8.633416812592545897e-01,1.018749486618518718e+00
8.737474949899798560e+00,9.421482955111509794e-01,4.067827399409564004e-02,8.624188784827235832e-01,1.021877712539578376e+00
8.755511022044089486e+00,9.432588567905858534e-01,4.173005054558860671e-02,8.614679577212321915e-01,1.025049755859939626e+00
8.773547094188376860e+00,9.443771881890703490e-01,4.280015384149832292e-02,8.604888866597336650e-01,1.028265489718407144e+00
8.791583166332666011e+00,9.455032085742297587e-01,4.388856203070200246e-02,8.594816269940538378e-01,1.031524790154405569e+00
8.809619238476955161e+00,9.466368352883909321e-01,4.499525529996320494e-02,8.584461349004630648e-01,1.034827535676318799e+00
8.827655310621242535e+00,9.477779841678229955e-01,4.612021565220887631e-02,8.573823614894935385e-01,1.038173606846152452e+00
8.845691382765531685e+00,9.489265695621241781e-01,4.726342669348023579e-02,8.562902532429028657e-01,1.041562885881345490e+00
8.863727454909820835e+00,9.500825043538447812e-01,4.842487342862989569e-02,8.551697524337301681e-01,1.044995256273959283e+00
8.881763527054108209e+00,9.512456999783754918e-01,4.960454206604630878e-02,8.540207975289246800e-01,1.048470602427826304e+00
8.899799599198397360e+00,9.524160664438829915e-01,5.080241983124898775e-02,8.528433235746349927e-01,1.051988809313131101e+00
8.917835671342686510e+00,9.535935123515875134e-01,5.201849478941115990e-02,8.516372625643415795e-01,1.055549762138833447e+00
8.935871743486973884e+00,9.547779449161862830e-01,5.325275567652478642e-02,8.504025437901977513e-01,1.059153346042174926e+00
8.953907815631263034e+00,9.559692699864252852e-01,5.450519173908973530e-02,8.491390941778094170e-01,1.062799445795041153e+00
8.971943887775552184e+00,9.571673920658653190e-01,5.577579258207671781e-02,8.478468386049949901e-01,1.066487945526735759e+00
8.989979959919839558e+00,9.583722143338697652e-01,5.706454802481854272e-02,8.465257002052254398e-01,1.070218728462514202e+00
9.008016032064128709e+00,9.595836386667139228e-01,5.837144796465600083e-02,8.451756006559881795e-01,1.073991676677439777e+00
9.026052104208417859e+00,9.608015656588593245e-01,5.969648224794429220e-02,8.437964604528884749e-01,1.077806670864830174e+00
9.044088176352705233e+00,9.620258946444448789e-01,6.103964054814319667e-02,8.423881991700842287e-01,1.081663590118805640e+00
9.062124248496994383e+00,9.632565237188459584e-01,6.240091225069513414e-02,8.409507357074834655e-01,1.085562311730208451e+00
9.080160320641283533e+00,9.644933497605039374e-01,6.378028634435589650e-02,8.394839885255663825e-01,1.089502710995441603e+00
9.098196392785570907e+00,9.657362684527652785e-01,6.517775131871553218e-02,8.379878758680828765e-01,1.093484661037447792e+00
9.116232464929860058e+00,9.669851743059730831e-01,6.659329506755601313e-02,8.364623159735633529e-01,1.097508032638382813e+00
9.134268537074149208e+00,9.682399606796618929e-01,6.802690479777696864e-02,8.349072272760190705e-01,1.101572694083304826e+00
9.152304609218436582e+00,9.695005198048479711e-01,6.947856694367428310e-02,8.333225285952463590e-01,1.105678511014449583e+00
9.170340681362725732e+00,9.707667428065281934e-01,7.094826708620606548e-02,8.317081393175642656e-01,1.109825346295492121e+00
9.188376753507014882e+00,9.720385197261941501e-01,7.243598987703132874e-02,8.300639795672127841e-01,1.114013059885175627e+00
9.206412825651302256e+00,9.733157395445701798e-01,7.394171896711859704e-02,8.283899703690177363e-01,1.118241508720122734e+00
9.224448897795591407e+00,9.745982902044166840e-01,7.546543693958782106e-02,8.266860338028245714e-01,1.122510546606008797e+00
9.242484969939880557e+00,9.758860586334212606e-01,7.700712524667614745e-02,8.249520931499360055e-01,1.126820024116906627e+00
9.260521042084167931e+00,9.771789307672394953e-01,7.856676415054975049e-02,8.231880730321620154e-01,1.131169788502317086e+00
9.278557114228457081e+00,9.784767915725883780e-01,8.014433266774149967e-02,8.213938995438150314e-01,1.135559683601361725e+00
9.296593186372746231e+00,9.797795250704964820e-01,8.173980851711701301e-02,8.195695003769472020e-01,1.139989549764045762e+00
9.314629258517033605e+00,9.810870143595352699e-01,8.335316807108429649e-02,8.177148049402100938e-01,1.144459223778860446e+00
9.332665330661322756e+00,9.823991416393116349e-01,8.498438630991299314e-02,8.158297444718821678e-01,1.148968538806740991e+00
9.350701402805611906e+00,9.837157882338271042e-01,8.663343677908069695e-02,8.139142521468289981e-01,1.153517324320825210e+00
9.368737474949899280e+00,9.850368346150578658e-01,8.830029154935536972e-02,8.119682631783213811e-01,1.158105406051794350e+00
9.386773547094188430e+00,9.863621604265722098e-01,8.998492117958711844e-02,8.099917149145814399e-01,1.162732605938562980e+00
9.404809619238477580e+00,9.876916445072190243e-01,9.168729468200816080e-02,8.079845469304830496e-01,1.167398742083955110e+00
9.422845691382766731e+00,9.890251649148008584e-01,9.340737948996863382e-02,8.059467011144623161e-01,1.172103628715139401e+00
9.440881763527054105e+00,9.903625989499132976e-01,9.514514142791663520e-02,8.038781217511966615e-01,1.176847076148629823e+00
9.458917835671343255e+00,9.917038231797725700e-01,9.690054468360860540e-02,8.017787555998996396e-01,1.181628890759645500e+00
9.476953907815632405e+00,9.930487134620897827e-01,9.867355178236024427e-02,7.996485519686636900e-01,1.186448874955515764e+00
9.494989979959919779e+00,9.943971449690059972e-01,1.004641235632463547e-01,7.974874627850431219e-01,1.191306827152968761e+00
9.513026052104208929e+00,9.957489922110293046e-01,1.022722191572447425e-01,7.952954426628295881e-01,1.196202541759229021e+00
9.531062124248498080e+00,9.971041290610598296e-01,1.040977959670946473e-01,7.930724489655542886e-01,1.201135809156565371e+00
9.549098196392785454e+00,9.984624287783782082e-01,1.059408096489375256e-01,7.908184418664606641e-01,1.206106415690295641e+00
9.567134268537074604e+00,9.998237640326932407e-01,1.078012140955375842e-01,7.885333844054396302e-01,1.211114143659946851e+00
9.585170340681363754e+00,1.001188006928214413e+00,1.096789614210744168e-01,7.862172425429085898e-01,1.216158771313520237e+00
9.603206412825651128e+00,1.002555029027672573e+00,1.115740019474458639e-01,7.838699852106787436e-01,1.221240072844666402e+00
9.621242484969940278e+00,1.003924701376439854e+00,1.134862841919717508e-01,7.814915843601752954e-01,1.226357818392704413e+00
9.639278557114229429e+00,1.005296894526584328e+00,1.154157548564719860e-01,7.790820150078991979e-01,1.231511774045269458e+00
9.657314629258516803e+00,1.006671478560931199e+00,1.173623588176446880e-01,7.766412552783475975e-01,1.236701701843514689e+00
9.675350701402805953e+00,1.008048323117166412e+00,1.193260391187012937e-01,7.741692864445118838e-01,1.241927359789821050e+00
9.693386773547095103e+00,1.009427297411850111e+00,1.213067369622165964e-01,7.716660929659056034e-01,1.247188501857794618e+00
9.711422845691382477e+00,1.010808270264469844e+00,1.233043917041019705e-01,7.691316625244299932e-01,1.252484878004509694e+00
9.729458917835671627e+00,1.012191110121473336e+00,1.253189408487205003e-01,7.665659860579812079e-01,1.257816234184965465e+00
9.747494989979960778e+00,1.013575685080234656e+00,1.273503200450242789e-01,7.639690577919870940e-01,1.263182312368482219e+00
9.765531062124248152e+00,1.014961862913032142e+00,1.293984630837609062e-01,7.613408752688608505e-01,1.268582850557203434e+00
9.783567134268537302e+00,1.016349511090964608e+00,1.314633018956359034e-01,7.586814393755182406e-01,1.274017582806410864e+00
9.801603206412826452e+00,1.017738496807854665e+00,1.335447665504176928e-01,7.559907543690360665e-01,1.279486239246673263e+00
9.819639278557113826e+00,1.019128687004078104e+00,1.356427852570006587e-01,7.532688279003567633e-01,1.284988546107799445e+00
9.837675350701402976e+00,1.020519948390341991e+00,1.377572843642823897e-01,7.505156710363485306e-01,1.290524225744335451e+00
9.855711422845692127e+00,1.021912147471485399e+00,1.398881883629568557e-01,7.477312982800898844e-01,1.296092996662880914e+00
9.873747494989979501e+00,1.023305150570103850e+00,1.420354198880770802e-01,7.449157275894727759e-01,1.301694573550734813e+00
9.891783567134268651e+00,1.024698823850205054e+00,1.441988997224449565e-01,7.420689803942128737e-01,1.307328667306197234e+00
9.909819639278557801e+00,1.026093033340758076e+00,1.463785468007443580e-01,7.391910816112992055e-01,1.312994985070216947e+00
9.927855711422845175e+00,1.027487644959202306e+00,1.485742782144286456e-01,7.362820596589221278e-01,1.318693230259482485e+00
9.945891783567134325e+00,1.028882524534831644e+00,1.507860092173155531e-01,7.333419464688931688e-01,1.324423102600770008e+00
9.963927855711423476e+00,1.030277537832161361e+00,1.530136532318840115e-01,7.303707774976686551e-01,1.330184298166654067e+00
9.981963927855712626e+00,1.031672550574141756e+00,1.552571218562341648e-01,7.273685917359227204e-01,1.335976509412360791e+00
1.000000000000000000e+01,1.033067428465372917e+00,1.575163248717001974e-01,7.243354317168405609e-01,1.341799425213905383e+00
